# DLConsole friendly names,,
# -----------------------,,
# Format:  source_id_kvchId, friendly_name,
# - source_id may be decimal (33) or hex (0x21 / 21h / 8f),,
# - kvchId is decimal (1,2, 3 …)
# - lines starting with '#' are comments,,
# - blank lines are ignored,,
#,,
# When this file is present and a (source, kvch) pair matches an entry,
# the friendly name is shown in the tab title, in the Friendly column,
# in the saved-file name, and in the status bar. The internal routing,
# key always uses the raw decimal form so renaming this file mid-session,,
# never reroutes traffic to a different tab.,,
,,
# -- Examples --------------------------------------------------------,,
21_1,L1_V1,
22_1,L1_V2,
23_1,L1_V3,
24_1,L1_V4,
21_2,L2_V1,
22_2,L2_V2,
23_2,L2_V3,
24_2,L2_V4,
7_1,LCU_A_1,
70_1,LCU_B_1,
7_2,LCU_A_2,
70_2,LCU_B_2,
6_1,LDLU_1,
6_2,LDLU_1,
9_527,SCU_A_527,
90_527,SCU_B_527,
9_501,SCU_A_501,
90_501,SCU_B_501,
8_527,SDLU_527,
8_501,SDLU_501,
51_1,Fault_L1V1,
52_1,Fault_L1V2,
53_1,Fault_L1V3,
54_1,Fault_L1V4,
51_2,Fault_L2V1,
52_2,Fault_L2V2,
53_2,Fault_L2V3,
54_2,Fault_L2V4,
