time_iso,time_ms,key,type,severity,pos_m,event
2026-06-27T15:10:54.000,1782553254000,1_1,arp,error,160155.0,CRC FAIL
2026-06-27T15:10:54.000,1782553254000,1_1,ccsys,error,160155.0,CRC FAIL
2026-06-27T15:10:56.000,1782553256000,1_1,arp,error,160155.0,CRC FAIL
2026-06-27T15:10:58.000,1782553258000,1_1,dlsys,error,160155.0,CRC FAIL
2026-06-27T15:10:58.000,1782553258000,1_1,arp,error,160155.0,CRC FAIL
2026-06-27T15:10:58.000,1782553258000,1_1,arp,info,160155.0,mode Stand_By → Staff_Responsible
2026-06-27T15:11:00.000,1782553260000,1_1,ccsys,error,160155.0,CRC FAIL
2026-06-27T15:11:00.000,1782553260000,1_1,arp,error,160155.0,CRC FAIL
2026-06-27T15:11:02.000,1782553262000,1_1,arp,error,160155.0,CRC FAIL
2026-06-27T15:11:04.000,1782553264000,1_1,arp,error,160155.0,CRC FAIL
2026-06-27T15:11:04.000,1782553264000,1_1,ccsys,error,160155.0,CRC FAIL
2026-06-27T15:11:06.000,1782553266000,1_1,arp,error,160155.0,CRC FAIL
2026-06-27T15:11:08.000,1782553268000,1_1,dlsys,error,160155.0,CRC FAIL
2026-06-27T15:11:08.000,1782553268000,1_1,arp,error,160155.0,CRC FAIL
2026-06-27T15:11:10.000,1782553270000,1_1,ccsys,error,160155.0,CRC FAIL
2026-06-27T15:11:10.000,1782553270000,1_1,arp,error,160155.0,CRC FAIL
2026-06-27T15:11:12.000,1782553272000,1_1,arp,error,160155.0,CRC FAIL
2026-06-27T15:11:14.000,1782553274000,1_1,arp,error,160155.0,CRC FAIL
2026-06-27T15:11:14.000,1782553274000,1_1,ccsys,error,160155.0,CRC FAIL
2026-06-27T15:11:16.000,1782553276000,1_1,arp,error,160155.0,CRC FAIL
2026-06-27T15:11:18.000,1782553278000,1_1,dlsys,error,160155.0,CRC FAIL
2026-06-27T15:11:18.000,1782553278000,1_1,arp,error,160155.0,CRC FAIL
2026-06-27T15:11:20.000,1782553280000,1_1,ccsys,error,160155.0,CRC FAIL
2026-06-27T15:11:20.000,1782553280000,1_1,arp,error,160155.0,CRC FAIL
2026-06-27T15:11:22.000,1782553282000,1_1,arp,error,160155.0,CRC FAIL
2026-06-27T15:11:24.000,1782553284000,1_1,arp,error,160155.0,CRC FAIL
2026-06-27T15:11:24.000,1782553284000,1_1,ccsys,error,160155.0,CRC FAIL
2026-06-27T15:11:26.000,1782553286000,1_1,arp,error,160155.0,CRC FAIL
2026-06-27T15:11:28.000,1782553288000,1_1,dlsys,error,160155.0,CRC FAIL
2026-06-27T15:11:28.000,1782553288000,1_1,arp,error,160155.0,CRC FAIL
2026-06-27T15:11:30.000,1782553290000,1_1,ccsys,error,160155.0,CRC FAIL
2026-06-27T15:11:30.000,1782553290000,1_1,arp,error,160155.0,CRC FAIL
2026-06-27T15:11:32.000,1782553292000,1_1,arp,error,160155.0,CRC FAIL
2026-06-27T15:11:34.000,1782553294000,1_1,arp,error,160155.0,CRC FAIL
2026-06-27T15:11:34.000,1782553294000,1_1,ccsys,error,160155.0,CRC FAIL
2026-06-27T15:11:36.000,1782553296000,1_1,arp,error,160155.0,CRC FAIL
2026-06-27T15:11:38.000,1782553298000,1_1,dlsys,error,160155.0,CRC FAIL
2026-06-27T15:11:38.000,1782553298000,1_1,arp,error,160155.0,CRC FAIL
2026-06-27T15:11:40.000,1782553300000,1_1,ccsys,error,160155.0,CRC FAIL
2026-06-27T15:11:40.000,1782553300000,1_1,arp,error,160155.0,CRC FAIL
2026-06-27T15:11:42.000,1782553302000,1_1,arp,error,160155.0,CRC FAIL
2026-06-27T15:11:44.000,1782553304000,1_1,arp,error,160155.0,CRC FAIL
2026-06-27T15:11:44.000,1782553304000,1_1,ccsys,error,160155.0,CRC FAIL
2026-06-27T15:11:46.000,1782553306000,1_1,arp,error,160155.0,CRC FAIL
2026-06-27T15:11:48.000,1782553308000,1_1,dlsys,error,160155.0,CRC FAIL
2026-06-27T15:11:48.000,1782553308000,1_1,arp,error,160155.0,CRC FAIL
2026-06-27T15:11:50.000,1782553310000,1_1,ccsys,error,160155.0,CRC FAIL
2026-06-27T15:11:50.000,1782553310000,1_1,arp,error,160155.0,CRC FAIL
2026-06-27T15:11:52.000,1782553312000,1_1,arp,error,160155.0,CRC FAIL
2026-06-27T15:11:54.000,1782553314000,1_1,arp,error,160155.0,CRC FAIL
2026-06-27T15:11:54.000,1782553314000,1_1,ccsys,error,160155.0,CRC FAIL
2026-06-27T15:11:56.000,1782553316000,1_1,arp,error,160155.0,CRC FAIL
2026-06-27T15:11:58.000,1782553318000,1_1,dlsys,error,160155.0,CRC FAIL
2026-06-27T15:11:58.000,1782553318000,1_1,arp,error,160155.0,CRC FAIL
2026-06-27T15:12:00.000,1782553320000,1_1,ccsys,error,160155.0,CRC FAIL
2026-06-27T15:12:00.000,1782553320000,1_1,arp,error,160155.0,CRC FAIL
2026-06-27T15:12:02.000,1782553322000,1_1,arp,error,160155.0,CRC FAIL
2026-06-27T15:12:04.000,1782553324000,1_1,arp,error,160155.0,CRC FAIL
2026-06-27T15:12:04.000,1782553324000,1_1,ccsys,error,160155.0,CRC FAIL
2026-06-27T15:12:06.000,1782553326000,1_1,arp,error,160155.0,CRC FAIL
2026-06-27T15:12:08.000,1782553328000,1_1,dlsys,error,160155.0,CRC FAIL
2026-06-27T15:12:08.000,1782553328000,1_1,arp,error,160155.0,CRC FAIL
2026-06-27T15:12:10.000,1782553330000,1_1,ccsys,error,160155.0,CRC FAIL
2026-06-27T15:12:10.000,1782553330000,1_1,arp,error,160155.0,CRC FAIL
2026-06-27T15:12:12.000,1782553332000,1_1,arp,error,160155.0,CRC FAIL
2026-06-27T15:12:14.000,1782553334000,1_1,arp,error,160155.0,CRC FAIL
2026-06-27T15:12:14.000,1782553334000,1_1,ccsys,error,160155.0,CRC FAIL
2026-06-27T15:12:16.000,1782553336000,1_1,arp,error,160155.0,CRC FAIL
2026-06-27T15:12:18.000,1782553338000,1_1,dlsys,error,160155.0,CRC FAIL
2026-06-27T15:12:18.000,1782553338000,1_1,arp,error,160155.0,CRC FAIL
2026-06-27T15:12:20.000,1782553340000,1_1,ccsys,error,160155.0,CRC FAIL
2026-06-27T15:12:20.000,1782553340000,1_1,arp,error,160155.0,CRC FAIL
2026-06-27T15:12:22.000,1782553342000,1_1,arp,error,160155.0,CRC FAIL
2026-06-27T15:12:24.000,1782553344000,1_1,arp,error,160155.0,CRC FAIL
2026-06-27T15:12:24.000,1782553344000,1_1,ccsys,error,160155.0,CRC FAIL
2026-06-27T15:12:26.000,1782553346000,1_1,arp,error,160155.0,CRC FAIL
2026-06-27T15:12:28.000,1782553348000,1_1,dlsys,error,160155.0,CRC FAIL
2026-06-27T15:12:28.000,1782553348000,1_1,arp,error,160155.0,CRC FAIL
2026-06-27T15:12:30.000,1782553350000,1_1,ccsys,error,160155.0,CRC FAIL
2026-06-27T15:12:30.000,1782553350000,1_1,arp,error,160155.0,CRC FAIL
2026-06-27T15:12:32.000,1782553352000,1_1,arp,error,160155.0,CRC FAIL
2026-06-27T15:12:34.000,1782553354000,1_1,arp,error,160155.0,CRC FAIL
2026-06-27T15:12:34.000,1782553354000,1_1,ccsys,error,160155.0,CRC FAIL
2026-06-27T15:12:36.000,1782553356000,1_1,arp,error,160155.0,CRC FAIL
2026-06-27T15:12:38.000,1782553358000,1_1,dlsys,error,160155.0,CRC FAIL
2026-06-27T15:12:38.000,1782553358000,1_1,arp,error,160155.0,CRC FAIL
2026-06-27T15:12:40.000,1782553360000,1_1,ccsys,error,160155.0,CRC FAIL
2026-06-27T15:12:40.000,1782553360000,1_1,arp,error,160155.0,CRC FAIL
2026-06-27T15:12:42.000,1782553362000,1_1,arp,error,160155.0,CRC FAIL
2026-06-27T15:12:44.000,1782553364000,1_1,arp,error,160155.0,CRC FAIL
2026-06-27T15:12:44.000,1782553364000,1_1,ccsys,error,160155.0,CRC FAIL
2026-06-27T15:12:46.000,1782553366000,1_1,arp,error,160155.0,CRC FAIL
2026-06-27T15:12:48.000,1782553368000,1_1,dlsys,error,160155.0,CRC FAIL
2026-06-27T15:12:48.000,1782553368000,1_1,arp,error,160155.0,CRC FAIL
2026-06-27T15:12:50.000,1782553370000,1_1,ccsys,error,160155.0,CRC FAIL
2026-06-27T15:12:50.000,1782553370000,1_1,arp,error,160155.0,CRC FAIL
2026-06-27T15:12:51.000,1782553371000,1_1,rfid,info,160155.0,RFID tag=4  abs=160155 m
2026-06-27T15:12:52.000,1782553372000,1_1,rfid,info,160155.0,RFID tag=4  abs=160155 m
2026-06-27T15:12:52.000,1782553372000,1_1,arp,error,160155.0,CRC FAIL
2026-06-27T15:12:54.000,1782553374000,1_1,arp,error,160155.0,CRC FAIL
2026-06-27T15:12:54.000,1782553374000,1_1,ccsys,error,160155.0,CRC FAIL
2026-06-27T15:12:56.000,1782553376000,1_1,arp,error,160155.0,CRC FAIL
2026-06-27T15:12:58.000,1782553378000,1_1,dlsys,error,160155.0,CRC FAIL
2026-06-27T15:12:58.000,1782553378000,1_1,arp,error,160155.0,CRC FAIL
2026-06-27T15:13:00.000,1782553380000,1_1,ccsys,error,160155.0,CRC FAIL
2026-06-27T15:13:00.000,1782553380000,1_1,arp,error,160155.0,CRC FAIL
2026-06-27T15:13:02.000,1782553382000,1_1,arp,error,160155.0,CRC FAIL
2026-06-27T15:13:04.000,1782553384000,1_1,arp,error,160155.0,CRC FAIL
2026-06-27T15:13:04.000,1782553384000,1_1,ccsys,error,160155.0,CRC FAIL
2026-06-27T15:13:06.000,1782553386000,1_1,rfid,info,160565.0,RFID tag=6  abs=160565 m
2026-06-27T15:13:06.000,1782553386000,1_1,rfid,info,160569.0,RFID tag=6  abs=160569 m
2026-06-27T15:13:06.000,1782553386000,1_1,arp,error,160572.0,CRC FAIL
2026-06-27T15:13:06.000,1782553386000,1_1,rfid,info,160569.0,RFID tag=6  abs=160569 m
2026-06-27T15:13:06.000,1782553386000,1_1,rfid,info,160565.0,RFID tag=6  abs=160565 m
2026-06-27T15:13:08.000,1782553388000,1_1,dlsys,error,160565.0,CRC FAIL
2026-06-27T15:13:08.000,1782553388000,1_1,arp,error,160628.0,CRC FAIL
2026-06-27T15:13:08.000,1782553388000,1_1,arp,error,160628.0,EMERGENCY: Rear-End
2026-06-27T15:13:08.000,1782553388000,1_1,arp,error,160636.0,CRC FAIL
2026-06-27T15:13:09.000,1782553389000,1_1,arp,error,160661.0,CRC FAIL
2026-06-27T15:13:10.000,1782553390000,1_1,ccsys,error,160661.0,CRC FAIL
2026-06-27T15:13:10.000,1782553390000,1_1,lsrp,error,160661.0,CRC FAIL
2026-06-27T15:13:10.000,1782553390000,1_1,arp,error,160661.0,CRC FAIL
2026-06-27T15:13:10.000,1782553390000,1_1,arp,error,160661.0,CRC FAIL
2026-06-27T15:13:11.000,1782553391000,1_1,arp,error,160661.0,CRC FAIL
2026-06-27T15:13:11.000,1782553391000,1_1,arp,info,160661.0,mode Staff_Responsible → On_Sight
2026-06-27T15:13:12.000,1782553392000,1_1,lsrp,error,160661.0,CRC FAIL
2026-06-27T15:13:12.000,1782553392000,1_1,arp,error,160661.0,CRC FAIL
2026-06-27T15:13:13.000,1782553393000,1_1,arp,error,160661.0,CRC FAIL
2026-06-27T15:13:14.000,1782553394000,1_1,lsrp,error,160661.0,CRC FAIL
2026-06-27T15:13:14.000,1782553394000,1_1,arp,error,160661.0,CRC FAIL
2026-06-27T15:13:14.000,1782553394000,1_1,ccsys,error,160661.0,CRC FAIL
2026-06-27T15:13:15.000,1782553395000,1_1,arp,error,160661.0,CRC FAIL
2026-06-27T15:13:16.000,1782553396000,1_1,lsrp,error,160661.0,CRC FAIL
2026-06-27T15:13:16.000,1782553396000,1_1,arp,error,160661.0,CRC FAIL
2026-06-27T15:13:17.000,1782553397000,1_1,arp,error,160661.0,CRC FAIL
2026-06-27T15:13:18.000,1782553398000,1_1,dlsys,error,160661.0,CRC FAIL
2026-06-27T15:13:18.000,1782553398000,1_1,lsrp,error,160661.0,CRC FAIL
2026-06-27T15:13:18.000,1782553398000,1_1,arp,error,160661.0,CRC FAIL
2026-06-27T15:13:19.000,1782553399000,1_1,arp,error,160661.0,CRC FAIL
2026-06-27T15:13:20.000,1782553400000,1_1,ccsys,error,160661.0,CRC FAIL
2026-06-27T15:13:20.000,1782553400000,1_1,lsrp,error,160661.0,CRC FAIL
2026-06-27T15:13:20.000,1782553400000,1_1,arp,error,160661.0,CRC FAIL
2026-06-27T15:13:21.000,1782553401000,1_1,arp,error,160661.0,CRC FAIL
2026-06-27T15:13:22.000,1782553402000,1_1,lsrp,error,160661.0,CRC FAIL
2026-06-27T15:13:22.000,1782553402000,1_1,arp,error,160661.0,CRC FAIL
2026-06-27T15:13:23.000,1782553403000,1_1,arp,error,160661.0,CRC FAIL
2026-06-27T15:13:24.000,1782553404000,1_1,lsrp,error,160661.0,CRC FAIL
2026-06-27T15:13:24.000,1782553404000,1_1,arp,error,160661.0,CRC FAIL
2026-06-27T15:13:24.000,1782553404000,1_1,ccsys,error,160661.0,CRC FAIL
2026-06-27T15:13:25.000,1782553405000,1_1,arp,error,160661.0,CRC FAIL
2026-06-27T15:13:26.000,1782553406000,1_1,lsrp,error,160661.0,CRC FAIL
2026-06-27T15:13:26.000,1782553406000,1_1,arp,error,160661.0,CRC FAIL
2026-06-27T15:13:27.000,1782553407000,1_1,arp,error,160661.0,CRC FAIL
2026-06-27T15:13:28.000,1782553408000,1_1,dlsys,error,160661.0,CRC FAIL
2026-06-27T15:13:28.000,1782553408000,1_1,lsrp,error,160661.0,CRC FAIL
2026-06-27T15:13:28.000,1782553408000,1_1,arp,error,160661.0,CRC FAIL
2026-06-27T15:13:29.000,1782553409000,1_1,arp,error,160661.0,CRC FAIL
2026-06-27T15:13:30.000,1782553410000,1_1,ccsys,error,160661.0,CRC FAIL
2026-06-27T15:13:30.000,1782553410000,1_1,lsrp,error,160661.0,CRC FAIL
